ROI,Degree_Centrality,Betweenness_Centrality,Eigenvector_Centrality
0,0.044967880085653104,0.0005944307121004519,0.0008729299222870624
1,0.059957173447537475,0.0008400063344739977,0.0013471315213829643
2,0.13276231263383298,0.0010924672546711008,0.0067500583446258805
3,0.12205567451820129,0.0021367374245773,0.004802984370273188
4,0.08993576017130621,0.0004475443585312283,0.0032208174540822926
5,0.09100642398286939,0.00026623151584421784,0.0035793133831822457
6,0.08993576017130621,0.0008377112351994786,0.003453755873399467
7,0.06852248394004283,0.0002249197289028737,0.003768696406881564
8,0.06852248394004283,0.0008239406395523639,0.0027371938478619826
9,0.07387580299785867,0.001133779041612445,0.0019386901187846309
10,0.11563169164882228,0.001482634131339351,0.006398161026702953
11,0.09421841541755889,0.00020655893470672074,0.0036085738939972936
12,0.059957173447537475,0.00017442754486345308,0.0018018674504531975
13,0.049250535331905786,2.983629056874855e-05,0.0009502328693709312
14,0.08886509635974305,0.00034885508972690616,0.003245184485424819
15,0.10706638115631692,0.0011200084459653302,0.003964296082955561
16,0.062098501070663815,0.0003281991962562341,0.0023095892108748327
17,0.062098501070663815,0.0009134495112586095,0.0016075022298981296
18,0.050321199143468956,0.00035115018900142524,0.0016847712517232812
19,0.03854389721627409,0.00033967469262882966,0.000751797169611959
20,0.09314775160599573,0.0004980365425706489,0.0036027705915687345
21,0.11349036402569594,0.0012003369205734994,0.005252859145502706
22,0.0974304068522484,0.00205870404924365,0.004640431945047372
23,0.07387580299785867,0.0008423014337485168,0.0019303265476091598
24,0.07601713062098502,0.00028000211149133256,0.0025749585261429183
25,0.05460385438972163,0.0011360741408869641,0.0015191514278955
26,0.03854389721627409,2.983629056874855e-05,0.0006311249750591352
27,0.08565310492505354,0.0003557403875504635,0.003076504621660678
28,0.08137044967880086,0.0010098436807884125,0.0026734183344149557
29,0.08244111349036402,0.00010098436807884126,0.002351645627417273
30,0.12098501070663813,0.0011819761263773465,0.004942373340093833
31,0.10171306209850108,0.0007252513707480417,0.003731395185078511
32,0.044967880085653104,5.278728331393975e-05,0.0014850627734048617
33,0.10064239828693791,0.0017442754486345308,0.005196698126935509
34,0.07494646680942185,0.0011980418212989804,0.0025362566302473267
35,0.1498929336188437,0.0024006738411469987,0.007679425787040647
36,0.09957173447537473,0.0018337843203407765,0.00341687903286748
37,0.058886509635974305,0.00025016582092258403,0.0022120735050868653
38,0.12633832976445397,0.0012852555937307069,0.00568531733673107
39,0.12740899357601715,0.0020013265673806723,0.0065499508320327965
40,0.05139186295503212,0.00125082910461292,0.0010282461433694435
41,0.02569593147751606,0.0005829552157278563,0.0003486238427235447
42,0.13383297644539616,0.000690824881630255,0.0067409292055334935
43,0.12740899357601715,0.0021964100057147973,0.00505026301246663
44,0.09957173447537473,0.0009019740148860139,0.003226674310971378
45,0.09528907922912207,0.000674759186708621,0.0037077244252403754
46,0.023554603854389723,2.5246092019710315e-05,0.0003400357076634554
47,0.11563169164882228,0.0015675528044965586,0.003915560241848208
48,0.0802997858672377,0.000211149133255759,0.002789481086187258
49,0.11777301927194861,0.0006839395838066976,0.004284681658536969
50,0.12098501070663813,0.0022767384803229662,0.004336990527582643
51,0.14561027837259102,0.0017282097537128969,0.005824780096502484
52,0.09635974304068523,0.0006839395838066976,0.00423884621707533
53,0.07815845824411136,0.0006816444845321784,0.0027875911980528717
54,0.07494646680942185,0.0004383639614331518,0.002229519115372469
55,0.07601713062098502,0.00034885508972690616,0.0026142797477099883
56,0.0867237687366167,0.0008514818308465933,0.003378192605161519
57,0.06852248394004283,0.001386239961809548,0.002744281519817232
58,0.12740899357601715,0.0004406590607076709,0.005513556530281872
59,0.10706638115631692,0.0008239406395523639,0.003713096777727332
60,0.05139186295503212,7.803337533365005e-05,0.002055769195157637
61,0.09100642398286939,0.00344035381250416,0.0025558899062612162
62,0.05353319057815846,0.00045901985490382386,0.002123751133453449
63,0.0556745182012848,0.0002616413172951796,0.0014782855343733461
64,0.139186295503212,0.004335442529566616,0.008193288476611785
65,0.0802997858672377,0.0008813181214153418,0.0023702362357500917
66,0.12633832976445397,0.001576733201594635,0.006002047242966646
67,0.11884368308351179,0.001058040765553314,0.0043307847606133265
68,0.09957173447537473,0.002804611313462364,0.00387772241214129
69,0.009635974304068522,0.0,0.000431242542688473
70,0.08779443254817988,0.002405264039696037,0.0030155211148332906
71,0.1745182012847966,0.0014734537342412746,0.008339187306644978
72,0.11670235546038545,0.0010901721553965816,0.004944465463176943
73,0.10599571734475376,0.0008216455402778447,0.00514787338750446
74,0.14561027837259102,0.0023593620542056546,0.007823578028873448
75,0.1316916488222698,0.0013885350610840673,0.004252915612853049
76,0.04282655246252677,0.0003534452882759444,0.0009172539448112841
77,0.13383297644539616,0.0014114860538292583,0.004359444145389798
78,0.05460385438972163,0.000615086605571124,0.001171888691432732
79,0.06852248394004283,0.0005554140244336268,0.0015197903113205865
80,0.03854389721627409,7.11480775100927e-05,0.0005782434839427215
81,0.07601713062098502,0.000690824881630255,0.001488916669749946
82,0.0802997858672377,0.00039475707521728854,0.0023652243782283492
83,0.03854389721627409,0.00018590304123604866,0.0006352146665155314
84,0.031049250535331908,6.196768041201622e-05,0.00054298075945553
85,0.06423982869379015,0.0009341054047292816,0.0017958280892985722
86,0.044967880085653104,0.00014688635356922364,0.0007055811141272455
87,0.11027837259100642,0.0010327946735336037,0.005995024407015726
88,0.09635974304068523,0.0011223035452398494,0.002204585072202158
89,0.09207708779443255,0.0006013160099240093,0.002903227021532511
90,0.06531049250535333,0.000982302489494183,0.001918209359751546
91,0.08458244111349036,0.001881981405105678,0.0028657948072400544
92,0.10064239828693791,0.0015882086979672307,0.003398754502449284
93,0.050321199143468956,0.00027082171439325606,0.001126019092014694
94,0.09314775160599573,0.0007321366685715991,0.002613781706010845
95,0.09635974304068523,0.001193451622749942,0.0038233023043455594
96,0.139186295503212,0.0011223035452398494,0.0057543801260219185
97,0.08779443254817988,0.0010465652691807185,0.005014400583933518
98,0.12419700214132763,0.0025728062867359327,0.00776460707843449
99,0.10599571734475376,0.0008698426250427462,0.004174085298429285
100,0.13811563169164884,0.002251492388303256,0.007432113336764687
101,0.09957173447537473,0.0011842712256518657,0.0031332489493258666
102,0.08137044967880086,0.001211812416946095,0.002590048801105756
103,0.09635974304068523,0.0011360741408869641,0.00342395922806907
104,0.1113490364025696,0.0016501763783792467,0.0033746488589539514
105,0.08137044967880086,0.0007321366685715991,0.0023735565415868086
106,0.10064239828693791,0.0006357424990417961,0.002732677294754063
107,0.0556745182012848,0.0003534452882759444,0.001407448759824973
108,0.09314775160599573,0.0008882034192388992,0.0037206484984625755
109,0.09850107066381157,0.0008973838163369756,0.002501690781290351
110,0.1145610278372591,0.0029629731634041832,0.004479923962757271
111,0.09421841541755889,0.0006357424990417961,0.004574442846445974
112,0.11241970021413276,0.0017947676326739513,0.004080915386100561
113,0.09100642398286939,0.0006242670026692004,0.0028984563526127556
114,0.11241970021413276,0.0027816603207171725,0.005683879384202965
115,0.12205567451820129,0.0018888667029292353,0.00453356296869808
116,0.09635974304068523,0.0018223088239681807,0.002563586327571751
117,0.10064239828693791,0.0010304995742590846,0.0034276409874971566
118,0.1081370449678801,0.0007573827605913094,0.003594652871162157
119,0.12098501070663813,0.0016019792936143454,0.0037967721171622303
120,0.13597430406852248,0.0008859083199643801,0.005092135960899894
121,0.08993576017130621,0.0018980471000273117,0.0021353806823704797
122,0.11349036402569594,0.0012255830125932098,0.00439594574598668
123,0.05781584582441114,0.0005737748186297798,0.0012466753326916453
124,0.06852248394004283,0.0005026267411196872,0.001619062623218068
125,0.1081370449678801,0.0020426383543220164,0.004069149784267625
126,0.1145610278372591,0.004250523856409409,0.004544636501478902
127,0.14668094218415417,0.0018475549159878912,0.009142990572599992
128,0.12419700214132763,0.0020082118652042296,0.003628748407154081
129,0.06531049250535333,0.0005691846200807416,0.0015588181002736416
130,0.048179871520342615,0.0010144338793374509,0.0009118209080440324
131,0.1316916488222698,0.0015721430030455968,0.003992485338596034
132,0.08779443254817988,0.0005691846200807416,0.002308179475120108
133,0.05139186295503212,0.00024328052309902665,0.0013111167376280808
134,0.09528907922912207,0.0006885297823557358,0.004379276739912948
135,0.08779443254817988,0.0014183713516528157,0.0031125029070818576
136,0.08458244111349036,0.0042551140549584475,0.0027841066862138524
137,0.09100642398286939,0.0013770595647114715,0.005108265583799715
138,0.059957173447537475,0.0009524661989254345,0.0015074091767388164
139,0.12633832976445397,0.0036515029457599188,0.008331712893474787
140,0.13490364025695933,0.002235426693381622,0.005549685528294165
141,0.059957173447537475,0.00023180502672643107,0.001035568682185312
142,0.08993576017130621,0.0006472179954143917,0.001952771971776242
143,0.046038543897216275,0.00036033058609950174,0.0005458613349007869
144,0.05460385438972163,0.0001055745666278795,0.0009952849338997153
145,0.07494646680942185,0.0006885297823557358,0.0014223175792172336
146,0.049250535331905786,0.00012164026154951332,0.0008575694802726914
147,0.0802997858672377,0.0015446018117513673,0.0016687970288115628
148,0.069593147751606,0.00036033058609950174,0.0014905399618018631
149,0.06316916488222699,0.0024511660251864196,0.0011148109109744319
150,0.06316916488222699,0.0004154129686879606,0.0012081487477324628
151,0.09850107066381157,0.0008629573272191888,0.0035953853777913568
152,0.13276231263383298,0.002559035691088818,0.00471207361953338
153,0.11884368308351179,0.000922629908356686,0.004594198594665033
154,0.09421841541755889,0.0015308312161042526,0.0031076574190175743
155,0.09314775160599573,0.0018200137246936617,0.003902025660988547
156,0.0835117773019272,0.0013931252596331054,0.0023492491499280195
157,0.04389721627408994,0.00032360899770719585,0.0012264817237475315
158,0.09957173447537473,0.001019024077886489,0.003738545799349143
159,0.06531049250535333,0.0006563983925124682,0.0019494584791078643
160,0.1145610278372591,0.0015698479037710776,0.00491812040925105
161,0.1145610278372591,0.001826899022517219,0.0037999863374890454
162,0.11027837259100642,0.003036416340188795,0.004651162217783997
163,0.07922912205567452,0.0009364005040038007,0.0024251103323479238
164,0.10920770877944326,0.0013105016857504171,0.00421376227877748
165,0.08137044967880086,0.0006563983925124682,0.0019943826377429685
166,0.07815845824411136,0.0018521451145369293,0.002482434586871003
167,0.06316916488222699,0.0009019740148860139,0.0018206681342000746
168,0.07387580299785867,0.000828530838101402,0.001819970708780328
169,0.062098501070663815,0.00024098542382450754,0.0012750211494826976
170,0.05139186295503212,0.00032590409698171494,0.0009347013401507713
171,0.10706638115631692,0.0018108333275955852,0.0026400917439671555
172,0.10599571734475376,0.0026072327758537195,0.003268940670666583
173,0.069593147751606,0.0006655787896105446,0.001366211539431582
174,0.07494646680942185,0.0010672211626513905,0.002194018293796223
175,0.08137044967880086,0.0017029636616931866,0.001809917603196799
176,0.062098501070663815,0.00028000211149133256,0.0015464564425885486
177,0.07815845824411136,0.0001422961550201854,0.0022784099605755574
178,0.05139186295503212,0.000211149133255759,0.0009699696067590661
179,0.08458244111349036,0.0009777122909451449,0.0020724155163760116
180,0.05460385438972163,0.0007023003780028505,0.0012222930223170407
181,0.050321199143468956,0.0002570511187461414,0.0007996552431803778
182,0.04389721627408994,8.032847460816918e-05,0.0010175750469717604
183,0.0556745182012848,0.00016754224703989572,0.0012297738756661283
184,0.06852248394004283,0.000904269114160533,0.0018960183622791238
185,0.08458244111349036,0.001117713346690811,0.0023512758412067942
186,0.05353319057815846,0.0007023003780028505,0.0007663408552088268
187,0.07815845824411136,0.0005783650171788181,0.0024095522840773117
188,0.044967880085653104,0.00024557562237354576,0.0007894737459867562
189,0.1081370449678801,0.0015032900248100232,0.0023815599109513327
190,0.059957173447537475,0.0003809864795701738,0.0011396722407981785
191,0.06745182012847967,0.0009019740148860139,0.0018141025878680305
192,0.05781584582441114,0.0006219719033946814,0.0012458155588725007
193,0.07815845824411136,0.0011796810271028273,0.0015059436835920279
194,0.13811563169164884,0.003114449715522445,0.004631646309106517
195,0.10920770877944326,0.001787882334850394,0.002805903895916973
196,0.0278372591006424,0.0003580354868249826,0.00038547135330227434
197,0.062098501070663815,0.0017580460442816455,0.0010269636271188535
198,0.04068522483940043,0.0005301679324139166,0.0006472042919281033
199,0.05460385438972163,0.00040393747231536503,0.0010853917728648652
200,0.1113490364025696,0.0031557615024637893,0.0033421571844955787
201,0.08886509635974305,0.0022239511970090268,0.0016745154787721989
202,0.07066381156316917,0.0019370637876941366,0.001897859593325787
203,0.047109207708779445,0.00012393536082403245,0.0007932513648874436
204,0.09850107066381157,0.001595093995790788,0.002591023166080568
205,0.049250535331905786,0.00036951098319757823,0.0007766158808677284
206,0.06638115631691649,0.0008606622279446698,0.0013325459957922124
207,0.13811563169164884,0.0022262462962835457,0.007129265829688022
208,0.05246252676659529,3.672158839230591e-05,0.002431054697957183
209,0.1284796573875803,0.0010993525524946582,0.007274963907185958
210,0.1316916488222698,0.00033508449407979144,0.007935288345175427
211,0.1284796573875803,0.00013770595647114717,0.007167059548449526
212,0.15417558886509636,0.002118376630381147,0.007617668097807088
213,0.139186295503212,0.0007665631576893859,0.0073743996705461
214,0.13276231263383298,0.000844596533023036,0.006874516623304317
215,0.12633832976445397,0.001673127371124438,0.00561815773265642
216,0.12955032119914348,0.0010718113612004287,0.008121345957754255
217,0.13276231263383298,0.0014459125429470451,0.007696078716292641
218,0.16274089935760172,0.0007252513707480417,0.009710012000304746
219,0.1284796573875803,0.00039934727376632676,0.006842854386038677
220,0.14025695931477516,0.0007941043489836153,0.007412260175127628
221,0.139186295503212,0.0009754171916706257,0.006974689017021083
222,0.10706638115631692,0.004046260020977207,0.0037363395164145253
223,0.05139186295503212,0.0028551034975017845,0.0011811593597891375
224,0.03961456102783726,0.0003281991962562341,0.0008257161210087873
225,0.11563169164882228,0.000982302489494183,0.0050231629390949635
226,0.1316916488222698,0.0018521451145369293,0.004928765210034118
227,0.11777301927194861,0.0009639416952980301,0.004889138050742466
228,0.15203426124197003,0.001230173211142248,0.006268029071060371
229,0.208779443254818,0.0035252724856613673,0.009899173625068942
230,0.13276231263383298,0.0009639416952980301,0.005906334383158838
231,0.07494646680942185,0.001673127371124438,0.002454917822740481
232,0.1702355460385439,0.0035046165921906952,0.0074194781894732454
233,0.08244111349036402,0.0005554140244336268,0.0031116052477605863
234,0.07815845824411136,0.0002249197289028737,0.0031865371468700093
235,0.02890792291220557,0.0003190187991581576,0.00041699736131212074
236,0.18950749464668096,0.003224614480699363,0.00936523161646926
237,0.07922912205567452,0.0014527978407706025,0.0029495002379411137
238,0.05246252676659529,0.0004177080679624797,0.0017564597445942141
239,0.058886509635974305,8.950887170624565e-05,0.0016165271638573268
240,0.15096359743040685,0.00169378326459511,0.0068340544214348774
241,0.1145610278372591,0.004172490481075759,0.00423543998262672
242,0.13062098501070665,0.0008790230221408227,0.005712001295942789
243,0.10278372591006424,0.0004888561454725724,0.004442538029630428
244,0.12633832976445397,0.002556740591814299,0.005142863280211895
245,0.05781584582441114,0.0006242670026692004,0.0018912960560113305
246,0.049250535331905786,7.11480775100927e-05,0.0014807286457115625
247,0.10599571734475376,0.0003580354868249826,0.004773377505979663
248,0.1573875802997859,0.0008813181214153418,0.00808726017845988
249,0.10064239828693791,0.0004406590607076709,0.003947358558158435
250,0.10920770877944326,0.0009891877873177404,0.0034225827192647896
251,0.08458244111349036,0.0011475496372595597,0.0026890060831419186
252,0.1252676659528908,0.0006013160099240093,0.004578259968273702
253,0.06852248394004283,9.639416952980301e-05,0.0028803926948687314
254,0.09635974304068523,0.000211149133255759,0.00360051579643898
255,0.05246252676659529,0.0012278781118677288,0.001273704417161678
256,0.1498929336188437,0.002246902189754218,0.005239394120134217
257,0.19057815845824413,0.003268221366915226,0.006002719586872535
258,0.16595289079229122,0.0012416487075148435,0.006998064171088509
259,0.07708779443254818,0.0003419697919033488,0.0026556849997733936
260,0.1081370449678801,0.0014941096277119466,0.0033712718493461927
261,0.1563169164882227,0.0025406748968926653,0.005515583034161236
262,0.07173447537473233,0.0006655787896105446,0.0027631741587259666
263,0.14346895074946467,0.0015078802233590614,0.005842174794528155
264,0.14668094218415417,0.0030065800496200464,0.006820492184339444
265,0.13062098501070665,0.0024901827128532444,0.003936232910299699
266,0.09635974304068523,0.000768858256963905,0.0034856682265451146
267,0.11241970021413276,0.0017167342573403013,0.004125800664268634
268,0.08779443254817988,0.0005600042229826651,0.0037097384527883114
269,0.11884368308351179,0.0011062378503182155,0.004671979112785579
270,0.12098501070663813,0.0011475496372595597,0.004907890166681388
271,0.13490364025695933,0.0012967310901033024,0.0063128054197244855
272,0.08993576017130621,0.0010121387800629317,0.0027932159365327137
273,0.050321199143468956,0.0006426277968653534,0.0012030899242485228
274,0.11563169164882228,0.0029698584612277406,0.008034992473284392
275,0.02569593147751606,2.983629056874855e-05,0.0007732105508479527
276,0.11777301927194861,0.0009065642134350522,0.0072321359409146125
277,0.13383297644539616,0.0022813286788720046,0.007365211871608699
278,0.07708779443254818,0.0016639469740263614,0.0033547584497026013
279,0.10064239828693791,0.001211812416946095,0.0055328294760303215
280,0.12098501070663813,0.002253787487577775,0.008409823741502384
281,0.07387580299785867,0.0005875454142768946,0.0032171462439646455
282,0.11670235546038545,0.0019278833905960603,0.005509069822512506
283,0.12419700214132763,0.002880349589521495,0.006207754673893378
284,0.10492505353319058,0.0015698479037710776,0.004198258206974735
285,0.032119914346895075,2.2950992745191194e-06,0.0008415383500072083
286,0.08886509635974305,0.0018360794196152954,0.004289747087171786
287,0.032119914346895075,5.96725811374971e-05,0.000776093098365899
288,0.09528907922912207,0.00030065800496200464,0.003937234948458415
289,0.1316916488222698,0.0009019740148860139,0.006526787962858058
290,0.1670235546038544,0.0007941043489836153,0.008773218310032636
291,0.14132762312633834,0.0012232879133186906,0.007746652891104233
292,0.14668094218415417,0.005271843033570417,0.0089185357874936
293,0.16488222698072805,0.004408885706351228,0.009831393958435346
294,0.10920770877944326,0.001673127371124438,0.00439658139534619
295,0.15952890792291222,0.0014872243298883893,0.009412445024771935
296,0.15952890792291222,0.0013518134726917613,0.010850761518850387
297,0.1284796573875803,0.001521650819006176,0.006294304013280661
298,0.15096359743040685,0.0017213244558893395,0.007173806973015358
299,0.1316916488222698,0.002341001260009502,0.007841075006638174
300,0.18629550321199145,0.0034518293088767553,0.00929375920326068
301,0.14453961456102785,0.0009019740148860139,0.009147419734852353
302,0.16167023554603854,0.0037960942000546233,0.006922662248878672
303,0.0835117773019272,0.0010878770561220626,0.0030614753235131387
304,0.10064239828693791,0.002591167080932086,0.004829076163527379
305,0.1284796573875803,0.0019301784898705793,0.007432587148666349
306,0.1605995717344754,0.0014550929400451217,0.009044572092449507
307,0.13811563169164884,0.0006862346830812167,0.007047412895726146
308,0.16274089935760172,0.00286657899387438,0.009516391617566376
309,0.1563169164882227,0.00198067067391,0.0068171843263523674
310,0.15096359743040685,0.0016685371725753998,0.007222615624126009
311,0.13276231263383298,0.001595093995790788,0.005742242033091043
312,0.13490364025695933,0.0017924725333994323,0.006851849868930906
313,0.14561027837259102,0.002425919933166709,0.006532025093374266
314,0.14132762312633834,0.0011268937437888876,0.006668531061813327
315,0.12312633832976447,0.0021114913325575896,0.006154653249580976
316,0.11991434689507495,0.002462641521559015,0.007022290619297398
317,0.17880085653104927,0.0026370690664224684,0.008775460184979138
318,0.13811563169164884,0.002168868814420568,0.005358990823781745
319,0.1563169164882227,0.003809864795701738,0.006895998606637267
320,0.1081370449678801,0.0015101753226335805,0.005465635877153193
321,0.15524625267665954,0.0023960836425979608,0.007192428581999428
322,0.13597430406852248,0.0014114860538292583,0.005969976480082751
323,0.11349036402569594,0.0010006632836903361,0.005440764127503355
324,0.17987152034261242,0.0032314997785229203,0.009026805423473998
325,0.1563169164882227,0.0025842817831085284,0.015870738344563054
326,0.1948608137044968,0.004399705309253152,0.009496255796446357
327,0.13062098501070665,0.0013770595647114715,0.006319650362830865
328,0.16595289079229122,0.007075791063342445,0.00904497784124124
329,0.13597430406852248,0.001519355719731657,0.010865977631531416
330,0.11241970021413276,0.004080686510094994,0.011440417948215684
331,0.13597430406852248,0.0041174080984873,0.015515550403200448
332,0.17880085653104927,0.002871169192423418,0.017745652440787536
333,0.18843683083511778,0.0027977260156388066,0.010245782716913659
334,0.17130620985010708,0.0016042743928888644,0.008833024620592893
335,0.13383297644539616,0.004521345570802665,0.011898148026557427
336,0.0802997858672377,0.0012324683104167672,0.00347493282975919
337,0.14453961456102785,0.003692814732701263,0.008362333366528625
338,0.1777301927194861,0.010750245001847555,0.014120934441089245
339,0.11884368308351179,0.0032223193814248435,0.012636606547181772
340,0.17987152034261242,0.0020311628579494207,0.00964009784696237
341,0.19914346895074947,0.00276329952652102,0.011300549325853141
342,0.14453961456102785,0.0018934569014782735,0.005516050201601052
343,0.1638115631691649,0.0020885403398123985,0.01658086624329739
344,0.09635974304068523,0.0011475496372595597,0.009063215324510427
345,0.12740899357601715,0.003410517521935411,0.009435268105780123
346,0.17987152034261242,0.0031442860060911936,0.00903546119967
347,0.0835117773019272,0.002063294247792688,0.006303394711346352
348,0.11241970021413276,0.000557709123708146,0.005269408253426914
349,0.15952890792291222,0.0022950992745191193,0.015077878789751456
350,0.1316916488222698,0.00396134134782,0.021427970129996504
351,0.11563169164882228,0.0017419803493600116,0.019096405425900437
352,0.08458244111349036,0.0018865716036547161,0.015089680424323734
353,0.06423982869379015,0.0007734484555129433,0.008678925443681271
354,0.0974304068522484,0.003346254742248876,0.017565391349689746
355,0.09528907922912207,0.0028023162141878446,0.008530155617573094
356,0.08779443254817988,0.002809201512011402,0.010038756617119846
357,0.05460385438972163,0.0008560720293956315,0.008248946262386777
358,0.05781584582441114,0.0010213191771610082,0.007160867622758864
359,0.07066381156316917,0.0012232879133186906,0.01584666235370408
360,0.0974304068522484,0.0018590304123604867,0.009826191096596442
361,0.06852248394004283,0.0007665631576893859,0.004677696458180906
362,0.07173447537473233,0.0024947729114022828,0.0062463902187104205
363,0.07173447537473233,0.002439690528813824,0.005797661683376866
364,0.033190578158458245,5.737748186297798e-05,0.0009656768451967235
365,0.10171306209850108,0.001269189898809073,0.030744138278709154
366,0.0802997858672377,0.0009777122909451449,0.014762610149297853
367,0.022483940042826552,0.00019967363688316338,0.0005697062100884446
368,0.037473233404710926,0.0005163973367668019,0.0010540639305912933
369,0.11563169164882228,0.001074106460474948,0.03961685070114988
370,0.049250535331905786,0.0005600042229826651,0.002882422259914998
371,0.05460385438972163,0.0006839395838066976,0.004200095792047148
372,0.08565310492505354,0.00226755808322489,0.011370569802616708
373,0.08886509635974305,0.0006954150801792931,0.019712760927824747
374,0.11241970021413276,0.004282655246252677,0.008894190163351573
375,0.1081370449678801,0.005515123556669443,0.008262978814766921
376,0.139186295503212,0.00023180502672643107,0.10267788111039013
377,0.11563169164882228,0.0002639364165696987,0.08599545746165739
378,0.10492505353319058,0.00032360899770719585,0.07390738123944193
379,0.12205567451820129,5.96725811374971e-05,0.09548614790290413
380,0.09957173447537473,0.00036492078464853996,0.07234398334944048
381,0.12098501070663813,0.0012760751966326303,0.07721262097011389
382,0.1316916488222698,0.0005737748186297798,0.09147802766334598
383,0.10171306209850108,0.00022262462962835457,0.07415996182856739
384,0.13704496788008566,0.0013013212886523408,0.07457898962123585
385,0.1145610278372591,0.002462641521559015,0.05050160215637851
386,0.12312633832976447,0.0001514765521182619,0.09733262865910941
387,0.13704496788008566,0.0010695162619259095,0.09373846817897732
388,0.11563169164882228,0.00011016476517691773,0.08995355548804847
389,0.1531049250535332,0.003789208902231066,0.05759025326411
390,0.11884368308351179,0.0001308206586475898,0.08585375935079262
391,0.12312633832976447,9.868926880432213e-05,0.09598048340258629
392,0.09100642398286939,0.0001285255593730707,0.05795753045536692
393,0.08779443254817988,0.00011016476517691773,0.06555159710963358
394,0.10385438972162742,0.0016777175696734762,0.05428087481688616
395,0.1145610278372591,0.00014459125429470453,0.08725099989313852
396,0.12312633832976447,2.7541191294229432e-05,0.09946167198839707
397,0.1316916488222698,0.00022950992745191193,0.09800044587113736
398,0.13383297644539616,0.001326567380672051,0.0764371587129056
399,0.1284796573875803,5.737748186297798e-05,0.09889980528656417
400,0.13597430406852248,0.0031098595169734068,0.04113153167866226
401,0.12633832976445397,0.00013541085719662803,0.09853691723643916
402,0.1284796573875803,3.901668766682503e-05,0.10057753493299904
403,0.12740899357601715,0.0002363952252754693,0.09283423497846352
404,0.11777301927194861,7.344317678461182e-05,0.08558842228906141
405,0.12955032119914348,0.00014918145284374275,0.09930359648273575
406,0.12740899357601715,0.001996736368831634,0.05163076560146448
407,0.13490364025695933,0.0001193451622749942,0.10773608691806742
408,0.09850107066381157,0.0002616413172951796,0.06074852868876667
409,0.1113490364025696,3.442648911778679e-05,0.0832928444232679
410,0.17130620985010708,0.001652471477653766,0.0871452604704726
411,0.11777301927194861,0.0016800126689479953,0.05910792286824234
412,0.11349036402569594,0.00012164026154951332,0.07639323657203839
413,0.13490364025695933,2.2950992745191194e-05,0.10801422090164939
414,0.13811563169164884,0.0001308206586475898,0.10303054580255154
415,0.1841541755888651,0.005205285154609363,0.08820274786568115
416,0.14453961456102785,0.00011245986445143685,0.10744560025505447
417,0.13597430406852248,0.00014000105574566628,0.10237230280483042
418,0.13811563169164884,0.0011819761263773465,0.0815408768075905
419,0.06852248394004283,8.950887170624565e-05,0.04262935395003419
420,0.13062098501070665,0.00040393747231536503,0.07879148993748682
421,0.15203426124197003,0.0002249197289028737,0.10946933493601017
422,0.139186295503212,0.0002777070122168134,0.10310907613992866
423,0.15952890792291222,0.000537053230237474,0.103797633967661
424,0.12098501070663813,4.590198549038239e-05,0.08836160757659711
425,0.050321199143468956,2.2950992745191194e-05,0.03147074629271604
426,0.14346895074946467,0.0004131178694134415,0.10063503595486815
427,0.13383297644539616,5.737748186297798e-05,0.09184159620729301
428,0.12419700214132763,0.0002777070122168134,0.08541554025440104
429,0.13490364025695933,5.5082382588458864e-05,0.09817624539298696
430,0.1498929336188437,0.00017442754486345308,0.11088753312938103
431,0.13811563169164884,0.0001055745666278795,0.1085322936557472
432,0.13383297644539616,0.00033967469262882966,0.09586157929023412
433,0.13704496788008566,0.0003373795933543105,0.08978508781724749
434,0.09421841541755889,0.0016065694921633836,0.028052979978822043
435,0.10492505353319058,0.0024695268193825723,0.051315899699907776
436,0.12205567451820129,5.049218403942063e-05,0.09191483281772646
437,0.13383297644539616,0.0008583671286701507,0.0812615226863339
438,0.11027837259100642,0.00028918250858940906,0.08196490726042457
439,0.1252676659528908,0.0008560720293956315,0.08377405288768432
440,0.08244111349036402,0.00018590304123604866,0.04712103848975369
441,0.11991434689507495,4.1311786941344145e-05,0.09386581842171357
442,0.1745182012847966,0.003307238054582051,0.07766665173980412
443,0.13276231263383298,0.0002639364165696987,0.09295887323855107
444,0.139186295503212,0.0004704953512764195,0.10840601641149707
445,0.14239828693790152,0.0016226351870850173,0.07010265354533408
446,0.14561027837259102,0.004071506112996918,0.07414289474171384
447,0.13597430406852248,0.0034724852023474274,0.043698125308008894
448,0.05781584582441114,0.00016065694921633836,0.026849866599261987
449,0.11991434689507495,0.00023410012600095018,0.08451477779131933
450,0.11884368308351179,2.5246092019710315e-05,0.08987963861091502
451,0.14132762312633834,0.00041082277013892234,0.10243846801694775
452,0.14668094218415417,0.0014964047269864658,0.08124113626909173
453,0.13062098501070665,0.002871169192423418,0.030942436744299858
454,0.13704496788008566,0.0003580354868249826,0.09802165811288852
455,0.12740899357601715,0.0018544402138114485,0.026929570829225268
456,0.1316916488222698,0.0006013160099240093,0.09117827537377449
457,0.14025695931477516,9.40990702552839e-05,0.10545698525927533
458,0.13597430406852248,0.000828530838101402,0.07362059905021465
459,0.1638115631691649,0.005978733610122306,0.07107959887400053
460,0.10920770877944326,5.049218403942063e-05,0.0844517474626437
461,0.14668094218415417,0.0007436121649441946,0.09955561135712662
462,0.13062098501070665,0.0015147655211826187,0.0711847336655536
463,0.1605995717344754,0.006451524060673244,0.038336294522972984
464,0.08993576017130621,3.672158839230591e-05,0.06582699236203393
465,0.14346895074946467,0.00028918250858940906,0.08965399593134973
466,0.14239828693790152,0.0026829710519128505,0.03872483348721069
467,0.08779443254817988,0.0017006685624186674,0.03365024717527161
468,0.13597430406852248,0.00034885508972690616,0.09793915034434435
469,0.1777301927194861,0.007461367741461657,0.08015826241876638
470,0.06531049250535333,0.0008354161359249594,0.010140652909275214
471,0.15524625267665954,0.00020655893470672074,0.10375499600129323
472,0.16809421841541758,0.0016616518747518425,0.0917525061866144
473,0.15203426124197003,0.00041082277013892234,0.1045602069229415
474,0.16274089935760172,0.0002960678064129664,0.10672262090289382
475,0.09957173447537473,0.0001767226441379722,0.07028180181157309
476,0.05674518201284797,0.00032360899770719585,0.023478698373255502
477,0.1638115631691649,0.0007344317678461182,0.09267590661666271
478,0.12633832976445397,0.0003924619759427694,0.09427580208539409
479,0.11884368308351179,0.001996736368831634,0.021097915091972952
480,0.11777301927194861,0.0004131178694134415,0.0734036851095477
481,0.16167023554603854,0.000828530838101402,0.10812139435569561
482,0.17987152034261242,0.002696741647559965,0.08386940313847557
483,0.12098501070663813,0.0016432910805556894,0.023994525943326486
484,0.06638115631691649,0.0007550876613167903,0.014963627241961597
485,0.16488222698072805,0.005847912951474716,0.06633116581724163
486,0.10064239828693791,0.0002249197289028737,0.06854317193140991
487,0.12633832976445397,0.0005921356128259328,0.07468792800101028
488,0.14882226980728053,0.0007321366685715991,0.10204329630293786
489,0.12740899357601715,0.006860051731537648,0.0494580740030684
490,0.11563169164882228,0.00022950992745191193,0.0750893453520374
491,0.1316916488222698,0.0006862346830812167,0.07394550350649993
492,0.0556745182012848,2.983629056874855e-05,0.037409876685464125
493,0.09957173447537473,0.0014344370465744496,0.058371798416341464
494,0.12633832976445397,0.00023180502672643107,0.08085711718127857
495,0.10171306209850108,0.0005347581309629548,0.07151249532348392
496,0.1670235546038544,0.0013793546639859907,0.09334208907680795
497,0.07066381156316917,0.001154434935083117,0.007726956080350753
498,0.05353319057815846,0.0011245986445143684,0.00263986504545753
499,0.12098501070663813,0.0020082118652042296,0.04501955194354354
500,0.14132762312633834,0.0009547612981999536,0.08987883094088996
501,0.036402569593147756,0.00014459125429470453,0.007475846358532303
502,0.1638115631691649,0.001769521540654241,0.07924830888909815
503,0.09207708779443255,0.005402663692218007,0.019227925784236353
504,0.10706638115631692,0.0009662367945725492,0.026083767319247705
505,0.15417558886509636,7.803337533365005e-05,0.10949161643642032
506,0.10706638115631692,0.0009593514967489919,0.04661327452383181
507,0.011777301927194861,2.2950992745191194e-06,0.004905151296384301
508,0.15845824411134904,0.00018131284268701044,0.1098606288246623
509,0.1670235546038544,0.0010511554677297566,0.093719909373484
510,0.12098501070663813,0.00307543302785562,0.03531308096474592
511,0.08779443254817988,0.0013082065864758981,0.03464691021627426
512,0.10599571734475376,0.0007757435547874624,0.05163400412946602
513,0.07922912205567452,0.0024672317201080533,0.01104323829507772
514,0.08886509635974305,0.0012324683104167672,0.027897771930302365
515,0.13383297644539616,0.00020196873615768252,0.09362438083376722
516,0.15096359743040685,0.000307543302785562,0.08855516369780021
517,0.033190578158458245,0.00016754224703989572,0.0011465778470828977
518,0.14346895074946467,0.00019967363688316338,0.09269737570795915
519,0.034261241970021415,0.0011223035452398494,0.0007738444790366898
520,0.006423982869379015,0.0,4.126111107187509e-05
521,0.09957173447537473,0.0002960678064129664,0.004636351445022032
522,0.08886509635974305,0.0004498394578057474,0.0033677759154253735
523,0.069593147751606,0.0002822972107658517,0.003940548532913256
524,0.13276231263383298,0.001266894799534554,0.007735930467923642
525,0.10599571734475376,0.0004406590607076709,0.004413018774919584
526,0.10171306209850108,0.001673127371124438,0.005116214002102608
527,0.14882226980728053,0.0019324735891450985,0.006680662490461547
528,0.1145610278372591,0.0020128020637532676,0.006115740533298677
529,0.1252676659528908,0.0007757435547874624,0.006069580294627328
530,0.09850107066381157,0.0007459072642187138,0.005671559697828049
531,0.0417558886509636,7.11480775100927e-05,0.0009044092450033975
532,0.10920770877944326,0.0013701742668879142,0.006975078865801694
533,0.05246252676659529,5.737748186297798e-05,0.0029479718161234923
534,0.11670235546038545,0.0016455861798302085,0.004975006525035951
535,0.07494646680942185,0.00020885403398123985,0.003971902094229866
536,0.07922912205567452,0.001115418247416292,0.0030851212430566192
537,0.029978586723768737,2.7541191294229432e-05,0.0004421606503562159
538,0.07601713062098502,0.00033049429553075316,0.0022851635470479653
539,0.08244111349036402,5.96725811374971e-05,0.0029271615098165928
540,0.12419700214132763,0.0017167342573403013,0.0050262828397023675
541,0.09850107066381157,0.0010993525524946582,0.0033642518473827065
542,0.10064239828693791,0.00022950992745191193,0.0047288468915565075
543,0.12419700214132763,0.0006701689881595829,0.00497079397601619
544,0.05353319057815846,0.00015836184994181925,0.002945721819952144
545,0.02676659528907923,1.6065694921633837e-05,0.000359605527596001
546,0.07066381156316917,0.0010993525524946582,0.00239159267857585
547,0.07280513918629551,0.0004980365425706489,0.0025220818195857463
548,0.08137044967880086,0.0004980365425706489,0.0036090183348520604
549,0.05353319057815846,0.00016983734631441483,0.0014506551312108318
550,0.050321199143468956,5.96725811374971e-05,0.0020655944316378926
551,0.07280513918629551,0.0002134442325302781,0.0024289660154659058
552,0.08244111349036402,0.0002731168136677752,0.003177121190859181
553,0.09207708779443255,0.0004314786636095944,0.0037864583999456594
554,0.10171306209850108,0.0020082118652042296,0.004721763100333348
555,0.1113490364025696,0.0005531189251591078,0.004647487261378301
556,0.10706638115631692,0.0033393694444253186,0.005173379552351048
557,0.09314775160599573,0.00022262462962835457,0.0036132562543918674
558,0.11884368308351179,0.0006265621019437196,0.005387337327763072
559,0.05139186295503212,0.0002616413172951796,0.003104426908782408
560,0.11670235546038545,0.0005118071382177636,0.0052792752046347145
561,0.1081370449678801,0.0006036111091985284,0.0045403669374774
562,0.06852248394004283,0.0002983629056874855,0.0028130584492968057
563,0.10171306209850108,0.0018888667029292353,0.009355207925606535
564,0.0974304068522484,0.0010121387800629317,0.014202040055159001
565,0.035331905781584586,0.00022032953035383546,0.0016410503041225492
566,0.07922912205567452,0.0014367321458489688,0.013882050012140858
567,0.07494646680942185,0.0007642680584148667,0.017491473497018954
568,0.13597430406852248,0.002868874093148899,0.03493806392973741
569,0.12955032119914348,0.0036033058609950173,0.024369839891521562
570,0.12098501070663813,0.001826899022517219,0.017845164728135528
571,0.09635974304068523,0.0013242722813975318,0.005656246505302464
572,0.08779443254817988,0.0005852503150023755,0.0031502632259585656
573,0.11027837259100642,0.002848218199678227,0.018150946511056764
574,0.036402569593147756,0.0002616413172951796,0.0027074176062284656
575,0.0974304068522484,0.0010259093757100464,0.006050257640502165
576,0.09314775160599573,0.0001055745666278795,0.00630193701580377
577,0.05353319057815846,0.00045442965635478564,0.002205365812538165
578,0.047109207708779445,0.0001514765521182619,0.0020935525809989207
579,0.1081370449678801,0.0010121387800629317,0.014866441367473913
580,0.07815845824411136,0.0007619729591403476,0.015234592344054358
581,0.1145610278372591,0.0008996789156114948,0.018406765333389367
582,0.12419700214132763,0.002600347478030162,0.008232868207418998
583,0.08779443254817988,0.00039934727376632676,0.011492182149429611
584,0.1252676659528908,0.0015927988965162689,0.01809509172191342
585,0.08565310492505354,0.002361657153480174,0.010578695574090927
586,0.03854389721627409,0.00019737853760864427,0.003035826191421825
587,0.09100642398286939,0.000518692436041321,0.004457301371571244
588,0.11563169164882228,0.0015491920103004055,0.0077233771501556735
589,0.09850107066381157,0.001769521540654241,0.0050557408885319715
590,0.11777301927194861,0.001925588291321541,0.006386749756348345
591,0.07066381156316917,0.001748865647183569,0.002935911128461786
592,0.11670235546038545,0.0023891983447744034,0.007963722517093982
593,0.12205567451820129,0.002191819807165759,0.009392899178774294
594,0.09100642398286939,0.0012416487075148435,0.0038266163196345416
595,0.10920770877944326,0.001211812416946095,0.013580578449797216
596,0.11349036402569594,0.0018200137246936617,0.005878152866713838
597,0.09314775160599573,0.0008698426250427462,0.005597992005544774
598,0.14453961456102785,0.004151834587605087,0.015124638263117284
599,0.11884368308351179,0.0010672211626513905,0.008466781746687706
600,0.13062098501070665,0.001941653986243175,0.01221898064092532
601,0.14561027837259102,0.004048555120251727,0.01087102728319476
602,0.07922912205567452,0.0007550876613167903,0.0029923776442349758
603,0.10385438972162742,0.002421329734617671,0.008941760234892621
604,0.14239828693790152,0.004030194326055574,0.007696378867857889
605,0.09850107066381157,0.0008009896468071727,0.005176541046551906
606,0.10064239828693791,0.001266894799534554,0.005584785274976828
607,0.08886509635974305,0.0016249302863595365,0.005795614125776469
608,0.10171306209850108,0.0029101858800902433,0.004721970838845559
609,0.07066381156316917,0.0008055798453562109,0.002839626382958449
610,0.08779443254817988,0.0009432858018273581,0.003918120523660587
611,0.11563169164882228,0.0018337843203407765,0.005774467992285506
612,0.12312633832976447,0.0019462441847922132,0.006160811705716596
613,0.09314775160599573,0.0013793546639859907,0.003970356786329614
614,0.10706638115631692,0.0014459125429470451,0.00557757316984808
615,0.08779443254817988,0.0011796810271028273,0.0034509579825135837
616,0.14132762312633834,0.001636405782732132,0.0065175612776981005
617,0.07494646680942185,0.0006380375983163152,0.00296105127803244
618,0.04282655246252677,0.00024328052309902665,0.0013877599471585629
619,0.08886509635974305,0.0006104964070220857,0.004362912580626396
620,0.09207708779443255,0.00041082277013892234,0.0039955693001526935
621,0.12098501070663813,0.0016800126689479953,0.006139078002710372
622,0.10706638115631692,0.001732799952261935,0.005095559639258479
623,0.11884368308351179,0.002017392262302306,0.006827624278345024
624,0.0010706638115631692,0.0,4.2641136099704505e-05
625,0.1145610278372591,0.00012623046009855156,0.005755985340439724
626,0.10599571734475376,0.0022973943737936383,0.004817923654244235
627,0.18843683083511778,0.0037937991007801044,0.012672139604101493
628,0.09850107066381157,0.0013173869835739745,0.011071031515482445
629,0.14775160599571735,0.0024121493375195945,0.011604950727752278
630,0.1670235546038544,0.0024649366208335344,0.00890899038099544
631,0.12955032119914348,0.002134442325302781,0.011990316583828294
632,0.1316916488222698,0.001826899022517219,0.012215144590586476
633,0.1113490364025696,0.004124293396310858,0.011776645476506377
634,0.15524625267665954,0.0017787019377523176,0.012101936502057447
635,0.12955032119914348,0.0025842817831085284,0.010939672954523038
636,0.11777301927194861,0.0013609938697898378,0.009162613704951694
637,0.12098501070663813,0.002861988795325342,0.01976622413294969
638,0.08565310492505354,0.0011796810271028273,0.005998434912063608
639,0.13490364025695933,0.003224614480699363,0.013976984310238739
640,0.14132762312633834,0.0020541138506946117,0.007989224676996167
641,0.11670235546038545,0.003114449715522445,0.013380223498430028
642,0.058886509635974305,0.0003167236998836385,0.007171580121128746
643,0.11563169164882228,0.0025498552939907417,0.016098555796630887
644,0.061027837259100645,0.0003809864795701738,0.001973229441496693
645,0.10920770877944326,0.0012026320198480185,0.012699175073145328
646,0.08886509635974305,0.0003557403875504635,0.004654790839548007
647,0.07601713062098502,0.0010672211626513905,0.0070485665611472745
648,0.08993576017130621,0.0009157446105331286,0.005270966141809484
649,0.12098501070663813,0.002809201512011402,0.025455733313577977
650,0.07280513918629551,3.672158839230591e-05,0.016700076296488918
651,0.13062098501070665,0.0025452650954417033,0.01791660491744244
652,0.11027837259100642,0.0013242722813975318,0.015811118712495763
653,0.13062098501070665,0.002306574770891715,0.016295442259587654
654,0.1113490364025696,0.0030593673329339863,0.01210337574075527
655,0.139186295503212,0.0032452703741700346,0.018676001494504314
656,0.12098501070663813,0.003692814732701263,0.04532296196230954
657,0.139186295503212,0.000904269114160533,0.01991145942801211
658,0.09635974304068523,0.0014068958552802201,0.019533980796362153
659,0.058886509635974305,0.0016432910805556894,0.0040388626648528835
660,0.10706638115631692,0.0013173869835739745,0.014289436387516188
661,0.09528907922912207,0.0002777070122168134,0.016985815065746715
662,0.1766595289079229,0.004939053638765145,0.017148147134690536
663,0.10920770877944326,0.001078696659023986,0.015310140693891867
664,0.0974304068522484,0.0001904932397850869,0.018229027113345345
665,0.11349036402569594,0.002097720736910475,0.025380618144268577
666,0.03961456102783726,0.00022950992745191193,0.003453131818678618
667,0.05246252676659529,0.00025475601947162226,0.0020824549344258805
668,0.10599571734475376,0.0010993525524946582,0.008636311404527593
669,0.11777301927194861,0.0011039427510436963,0.018079253580094524
670,0.08137044967880086,0.0008055798453562109,0.009717987244156723
671,0.11991434689507495,0.0027151024417561183,0.027412923215984854
672,0.12633832976445397,0.0008423014337485168,0.01590627349848973
673,0.1531049250535332,0.00257969158455949,0.022756838887545566
674,0.09635974304068523,0.0008790230221408227,0.008113932453826574
675,0.14775160599571735,0.004121998297036338,0.01775784079682009
676,0.11241970021413276,0.0006311523004927578,0.014102010265770515
677,0.10706638115631692,0.0005898405135514136,0.02120983999531706
678,0.1638115631691649,0.002901005482992167,0.01631233026619239
679,0.14346895074946467,0.0030157604467181227,0.027604719805093554
680,0.06423982869379015,0.00010327946735336037,0.0023181619734598514
681,0.06745182012847967,0.00016295204849085747,0.002545731158039692
682,0.0802997858672377,0.0009937779858667788,0.0030118096258726582
683,0.032119914346895075,1.1475496372595597e-05,0.0005198444638093361
684,0.048179871520342615,0.00010098436807884126,0.0012357918637207021
685,0.09957173447537473,0.00025016582092258403,0.0045212799056937245
686,0.03961456102783726,5.5082382588458864e-05,0.0007516525427917603
687,0.1145610278372591,0.0008216455402778447,0.00542203012079309
688,0.044967880085653104,7.344317678461182e-05,0.0013758908108204054
689,0.05246252676659529,0.0005278728331393974,0.0019129437303069638
690,0.0835117773019272,0.0015491920103004055,0.0045443586838744875
691,0.08779443254817988,0.002288213976695562,0.0046212964835033845
692,0.08458244111349036,0.002168868814420568,0.006731187410210141
693,0.048179871520342615,0.0006885297823557358,0.002270861389650564
694,0.049250535331905786,0.00030983840206008113,0.002272729519360718
695,0.05674518201284797,0.0006518081939634299,0.0038228127103581613
696,0.09850107066381157,0.003887898171035388,0.006862451988531643
697,0.08993576017130621,0.003073137928581101,0.0057933828270117105
698,0.06852248394004283,0.0015354214146532908,0.003473772359299679
699,0.11777301927194861,0.002095425637635956,0.007814412636310336
700,0.09635974304068523,0.0011682055307302317,0.005808260422977698
701,0.13597430406852248,0.004911512447470915,0.009708554464568519
702,0.13597430406852248,0.003038711439463314,0.009392142987246839
703,0.10385438972162742,0.0012324683104167672,0.007624189441781376
704,0.1605995717344754,0.003408222422660892,0.012335908113229549
705,0.08886509635974305,0.0005485287266100695,0.005885016599809972
706,0.13062098501070665,0.0013518134726917613,0.008880145075817688
707,0.11349036402569594,0.0014505027414960835,0.0078075536666078445
708,0.10599571734475376,0.0009111544119840904,0.0077084460331167
709,0.13704496788008566,0.0025269043012455506,0.0098315620438717
710,0.15952890792291222,0.0031970732894051335,0.012285819210367702
711,0.059957173447537475,0.00020196873615768252,0.004783582747472237
712,0.069593147751606,0.00032360899770719585,0.004457987460461157
713,0.12740899357601715,0.0012623046009855156,0.00944029451474272
714,0.10278372591006424,0.003959046248545481,0.009190205675714923
715,0.139186295503212,0.002233131594107103,0.015263977783190035
716,0.13704496788008566,0.0029377270713844728,0.013935086755962105
717,0.11563169164882228,0.003743306916740684,0.016279726285150144
718,0.16916488222698073,0.006784313455478517,0.017085350515063134
719,0.15417558886509636,0.00732366178499051,0.014284133171817577
720,0.15845824411134904,0.0036262568537402087,0.01600674091361068
721,0.09314775160599573,0.0017580460442816455,0.008864558808291094
722,0.11991434689507495,0.005285613629217532,0.01452395676408749
723,0.15203426124197003,0.006274801416535272,0.01928795705594837
724,0.16167023554603854,0.004590198549038239,0.009649438706701983
725,0.14561027837259102,0.0021757541122441252,0.008245812719364032
726,0.0802997858672377,0.002749528930873905,0.003820022601497011
727,0.10920770877944326,0.000846891632297555,0.0056499238080382425
728,0.12098501070663813,0.0024878876135787254,0.0072420322993245806
729,0.10171306209850108,0.0008400063344739977,0.004639605966652114
730,0.07280513918629551,0.0004177080679624797,0.0035492984557842244
731,0.08244111349036402,0.0020655893470672075,0.003280650157592132
732,0.10171306209850108,0.0008790230221408227,0.004882863816491653
733,0.11027837259100642,0.003343959642974357,0.00410256050726509
734,0.11241970021413276,0.0007849239518855388,0.005869199358623036
735,0.09850107066381157,0.0011682055307302317,0.004844569361479563
736,0.06852248394004283,0.0002478707216480649,0.002903560394459803
737,0.061027837259100645,0.0003167236998836385,0.0019567549269669257
738,0.06852248394004283,0.0008950887170624566,0.0018925049790179283
739,0.08137044967880086,0.0006862346830812167,0.002463878695148229
740,0.12205567451820129,0.0028734642916979376,0.008136493406961128
741,0.07387580299785867,0.001576733201594635,0.0036849317167777403
742,0.09528907922912207,0.001787882334850394,0.003783292182690616
743,0.14668094218415417,0.0009570563974744728,0.00733915594762982
744,0.08779443254817988,0.0005439385280610313,0.00395159346158185
745,0.05674518201284797,0.0005714797193552608,0.0014674521990665518
746,0.10599571734475376,0.0008032847460816918,0.004817955249496266
747,0.0802997858672377,0.0017764068384777984,0.0030066771167310768
748,0.05674518201284797,0.0006380375983163152,0.0017865971867888548
749,0.07066381156316917,6.196768041201622e-05,0.0037116433248115567
750,0.11777301927194861,0.0007160709736499652,0.006126860320978085
751,0.11563169164882228,0.001976080475360962,0.005450726913334436
752,0.08565310492505354,0.0005439385280610313,0.00400173282907999
753,0.12419700214132763,0.0010121387800629317,0.006126259665993373
754,0.1563169164882227,0.0036239617544656893,0.006138496586331796
755,0.0417558886509636,0.00038328157884469295,0.0013427418463895532
756,0.05460385438972163,0.0009547612981999536,0.0017466664877060255
757,0.10385438972162742,0.003151171303914751,0.0020915605693663454
758,0.04068522483940043,0.0001560667506673001,0.0011265154198201997
759,0.08458244111349036,0.001209517317671576,0.001956839214317949
760,0.0278372591006424,0.00012393536082403245,0.0006298597143554915
761,0.04389721627408994,0.000711480775100927,0.0009249294092094101
762,0.06423982869379015,0.0008583671286701507,0.0013124572298898244
763,0.04068522483940043,0.0003121335013346002,0.001067357452820752
764,0.06423982869379015,0.0008767279228663036,0.001348483147227566
765,0.13383297644539616,0.002308869870166234,0.00558510273352978
766,0.12098501070663813,0.002081655041988841,0.004152586186536158
767,0.07708779443254818,0.000768858256963905,0.002704902922068485
768,0.10278372591006424,0.001790177434124913,0.003342084541064796
769,0.10385438972162742,0.0027770701221681345,0.00352517273368181
770,0.049250535331905786,0.0013793546639859907,0.0024420140777473122
771,0.07815845824411136,0.000537053230237474,0.00511684228304161
772,0.09421841541755889,0.0030042849503455274,0.0033678408301547323
773,0.05781584582441114,0.0017373901508109734,0.0060268450396265315
774,0.10385438972162742,0.004367573919409884,0.038819904490280124
775,0.07066381156316917,0.0003557403875504635,0.0026474107035683717
776,0.07494646680942185,0.00104197507063168,0.002034310117070842
777,0.10278372591006424,0.0016019792936143454,0.00868332589855366
778,0.1081370449678801,0.0056115177261992465,0.02592579110943636
779,0.12740899357601715,0.003679044137054148,0.005911422561167809
780,0.059957173447537475,0.0015606675066730013,0.0056184826451603645
781,0.1081370449678801,0.0013885350610840673,0.004256600250646664
782,0.1531049250535332,0.0031557615024637893,0.0061178369277375124
783,0.10385438972162742,0.0012783702959071495,0.0037542702240381063
784,0.08137044967880086,0.0003442648911778679,0.0026318425527806274
785,0.12633832976445397,0.0020541138506946117,0.004290503905027756
786,0.1316916488222698,0.002795430916364287,0.006148409002356881
787,0.0556745182012848,0.0020265726594003823,0.0017464162566215634
788,0.06531049250535333,0.003210843885052248,0.011438542933428502
789,0.0867237687366167,0.001920998092772503,0.02187080803969208
790,0.08244111349036402,0.0009455809011018772,0.00263902980377595
791,0.04389721627408994,0.0012485340053384009,0.0016025392883472513
792,0.07601713062098502,0.0008124651431797682,0.002279467111896085
793,0.11349036402569594,0.0024488709259119002,0.003282747010126117
794,0.07494646680942185,0.0014275517487508922,0.00348165105647993
795,0.05460385438972163,0.0020655893470672075,0.014583453105288776
796,0.06745182012847967,0.0011062378503182155,0.0020330383689442645
797,0.062098501070663815,0.0004154129686879606,0.0018245066999265608
798,0.07601713062098502,0.0013357477777701274,0.0199459639222156
799,0.10920770877944326,0.0006954150801792931,0.004262113578634758
800,0.033190578158458245,0.0004314786636095944,0.00340170679105391
801,0.0556745182012848,0.000693119980904774,0.002502318344752093
802,0.0417558886509636,0.0002134442325302781,0.007374236071975444
803,0.08137044967880086,0.0018590304123604867,0.0022921875676591955
804,0.08993576017130621,0.0013724693661624333,0.009360382252265305
805,0.06638115631691649,0.0008629573272191888,0.011232895994280909
806,0.10278372591006424,0.0013036163879268598,0.00427854702212495
807,0.08244111349036402,0.0021321472260282617,0.0064632860505535695
808,0.11884368308351179,0.0020242775601258633,0.004548213993218335
809,0.09207708779443255,0.0018934569014782735,0.003444588329710876
810,0.12633832976445397,0.000961646596023511,0.0043457401855903745
811,0.11670235546038545,0.0010672211626513905,0.05645785624123709
812,0.11563169164882228,0.0016914881653205909,0.0035685565507405353
813,0.1284796573875803,0.0025452650954417033,0.007125995694989345
814,0.09314775160599573,0.0018498500152624101,0.0032947387797413277
815,0.1113490364025696,0.00117279572927927,0.05767351324266663
816,0.07494646680942185,0.002173459012969606,0.019418767889894484
817,0.02676659528907923,0.00027082171439325606,0.0011265975108957127
818,0.05139186295503212,0.0015124704219080997,0.0014658205874855965
819,0.0021413276231263384,0.0,4.7122680871745385e-05
820,0.06745182012847967,0.0007068905765518888,0.0018668666945440197
821,0.08137044967880086,0.0010557456662787948,0.002197782640907341
822,0.0417558886509636,0.0003029531042365238,0.0006897227248762357
823,0.08993576017130621,0.0022262462962835457,0.002259010586902412
824,0.049250535331905786,0.0005026267411196872,0.000992298165538774
825,0.05353319057815846,0.0002937727071384473,0.0011799086516480152
826,0.062098501070663815,0.00038557667811921204,0.0016012705001190884
827,0.037473233404710926,0.00041082277013892234,0.0010877099673842862
828,0.05353319057815846,0.0010488603684552374,0.008429989092612021
829,0.033190578158458245,0.00011245986445143685,0.0009152543082358055
830,0.016059957173447537,0.00032590409698171494,0.00034797084944000305
831,0.02890792291220557,0.0002157393318047972,0.001383478479120356
832,0.05246252676659529,0.0013541085719662805,0.007356267324370079
833,0.07494646680942185,0.0022744433810484473,0.02158252447154959
834,0.037473233404710926,5.5082382588458864e-05,0.0007094334301204656
835,0.04282655246252677,0.0009937779858667788,0.0031175121812969295
836,0.035331905781584586,5.5082382588458864e-05,0.0006093191614072409
837,0.035331905781584586,0.0007849239518855388,0.0028297072582707463
838,0.04282655246252677,0.00020196873615768252,0.0008634438466316018
839,0.09957173447537473,0.0015078802233590614,0.0498277395560528
840,0.05139186295503212,0.000982302489494183,0.011905028952830616
841,0.09314775160599573,0.0007091856758264078,0.042392551501558726
842,0.018201284796573878,0.00018131284268701044,0.0011911969030557678
843,0.016059957173447537,0.00017213244558893394,0.00046658978246392173
844,0.044967880085653104,0.0008606622279446698,0.004113981113070329
845,0.07387580299785867,0.0030823183256791773,0.00223351135283654
846,0.035331905781584586,0.000633447399767277,0.0057136559814074716
847,0.022483940042826552,3.901668766682503e-05,0.0002667067148529886
848,0.02890792291220557,2.983629056874855e-05,0.00031715466879728263
849,0.062098501070663815,0.0017557509450071263,0.008860956126245014
850,0.06745182012847967,0.0008675475257682271,0.0013773534600843543
851,0.02569593147751606,0.00019278833905960602,0.0008858302357692327
852,0.05460385438972163,0.000153771651392781,0.010493775561039432
853,0.06638115631691649,0.0001790177434124913,0.008320140401582871
854,0.05781584582441114,0.0008606622279446698,0.01401728143515133
855,0.07708779443254818,0.001266894799534554,0.010578666099247696
856,0.08565310492505354,0.0005554140244336268,0.01093350843943459
857,0.12098501070663813,0.007089561658989559,0.031152065175898906
858,0.10599571734475376,0.001574438102320116,0.04199143054470255
859,0.07815845824411136,0.0006173817048456431,0.012103034332969916
860,0.06638115631691649,6.885297823557358e-05,0.0076701671197373505
861,0.10706638115631692,0.0042803601469781575,0.012536854696132412
862,0.10920770877944326,0.0019875559717335576,0.015448899685566444
863,0.10706638115631692,0.0026600200591676594,0.015576867581812856
864,0.06852248394004283,4.590198549038239e-05,0.008606405618933898
865,0.08565310492505354,0.0007344317678461182,0.010954777955249597
866,0.09528907922912207,0.002861988795325342,0.009258896463775042
867,0.14346895074946467,0.0029193662771883197,0.045695371375405684
868,0.06745182012847967,0.0002478707216480649,0.008069787075772262
869,0.10171306209850108,0.0031626468002873467,0.011319861120062285
870,0.07815845824411136,0.00019967363688316338,0.011834716726992883
871,0.07494646680942185,0.00035115018900142524,0.010647726129677171
872,0.0802997858672377,0.0006403326975908343,0.012002620297187853
873,0.09957173447537473,0.004948234035863221,0.012951284189177103
874,0.061027837259100645,0.0003901668766682503,0.01356726710902546
875,0.11670235546038545,0.003247565473444554,0.011656475086541369
876,0.07280513918629551,0.0006059062084730475,0.007391928318608638
877,0.0835117773019272,0.0010327946735336037,0.00948929577407414
878,0.08244111349036402,6.885297823557358e-06,0.010979167810999562
879,0.08886509635974305,0.0009134495112586095,0.01106976462335105
880,0.09635974304068523,0.00278854561854073,0.010334588398869618
881,0.07387580299785867,0.00030065800496200464,0.008387495228184971
882,0.08886509635974305,0.0034311734154060833,0.00821934671324432
883,0.08565310492505354,0.0005003316418451681,0.012111237901395051
884,0.09635974304068523,0.0017465705479090498,0.010087732658945203
885,0.062098501070663815,0.0004750855498254577,0.005694350428719223
886,0.09957173447537473,0.0025498552939907417,0.011896481067334068
887,0.059957173447537475,4.360688621586327e-05,0.005096663537578627
888,0.05353319057815846,0.00011475496372595596,0.004134989858069839
889,0.06745182012847967,0.00012623046009855156,0.007509318651860908
890,0.08244111349036402,3.901668766682503e-05,0.010687734538275777
891,0.07066381156316917,0.0012324683104167672,0.005576267936883116
892,0.048179871520342615,0.00033049429553075316,0.007966630907241954
893,0.050321199143468956,0.00015836184994181925,0.008251899250783939
894,0.10599571734475376,0.001978375574635481,0.015264989686955586
895,0.08886509635974305,0.0022996894730681577,0.01701126922757883
896,0.11563169164882228,0.0007596778598658285,0.04877002686268029
897,0.08565310492505354,0.001344928174868204,0.013672859926962332
898,0.12312633832976447,0.00190263729857635,0.030965457019565837
899,0.11241970021413276,0.0011567300343576362,0.0251586520093348
900,0.11991434689507495,0.001500994925535504,0.020674767373368385
901,0.11777301927194861,0.0017282097537128969,0.036573911464493535
902,0.12955032119914348,0.003559698974779154,0.043914492552777185
903,0.07708779443254818,0.0003121335013346002,0.01201842733827052
904,0.208779443254818,0.01232697820344219,0.059693549432662314
905,0.24411134903640258,0.02413296887156854,0.07624137136062935
906,0.2334047109207709,0.010782376391690822,0.09034677084686168
907,0.13704496788008566,0.0028964152844431286,0.022278714251985125
908,0.1145610278372591,0.0012439438067893627,0.01706510066502898
909,0.1573875802997859,0.012425667472246512,0.033610669682562676
910,0.11349036402569594,0.0029400221706589917,0.0244652007036848
911,0.18308351177730195,0.007215792119088111,0.046231133883656836
912,0.11563169164882228,0.003190187991581576,0.019703613811938237
913,0.11991434689507495,0.003194778190130614,0.03252782847317699
914,0.17558886509635976,0.010474833088905261,0.07399775716803955
915,0.09314775160599573,0.0006265621019437196,0.013544018389573703
916,0.15417558886509636,0.002653134761344102,0.06561804390878448
917,0.07815845824411136,3.2131389843267674e-05,0.010485925977393418
918,0.11563169164882228,0.0015560773081239629,0.028293474512808
919,0.08458244111349036,0.00029147760786392814,0.012522483872828186
920,0.12312633832976447,0.001170500630004751,0.026550829297756384
921,0.07708779443254818,0.0001285255593730707,0.009450920816490788
922,0.07708779443254818,9.180397098076477e-06,0.009357358558753035
923,0.07280513918629551,1.1475496372595597e-05,0.008442772330621379
924,0.061027837259100645,7.344317678461182e-05,0.006902112134130042
925,0.05674518201284797,0.0001055745666278795,0.005999368475796814
926,0.047109207708779445,6.655787896105446e-05,0.005277557131794342
927,0.07815845824411136,0.000153771651392781,0.009483914857201955
928,0.059957173447537475,6.655787896105446e-05,0.007091333869684027
929,0.062098501070663815,6.655787896105446e-05,0.006631704304793196
930,0.03961456102783726,1.6065694921633837e-05,0.0033398621780053777
931,0.058886509635974305,2.2950992745191194e-05,0.006213386765750179
932,0.04068522483940043,5.96725811374971e-05,0.00355238480817817
933,0.0556745182012848,2.2950992745191194e-05,0.00522135979735094
934,0.0802997858672377,0.0009019740148860139,0.008583991512582776
